{"info":{"_postman_id":"1ca8aa0d-3837-48b0-8c44-c75c0e4fdfe8","name":"Post","schema":"https://schema.getpostman.com/json/collection/v2.1.0/collection.json"},"item":[{"name":"/posts/channel/{channelId} (특정 채널의 포스트 목록)","id":"1aa057ec-6851-4cfe-8c84-c2cf792a72aa","protocolProfileBehavior":{"disableBodyPruning":true},"request":{"method":"GET","header":[],"url":{"raw":"{{URL}}:{{PORT}}/posts/channel/680b19fc02a5e10fffb27f14","host":["{{URL}}"],"port":"{{PORT}}","path":["posts","channel","680b19fc02a5e10fffb27f14"]}},"response":[]},{"name":"/posts/author/{authorId} (특정 사용자의 포스트 목록)","id":"74b5dc3b-46b2-48b3-9e95-2a8270d94dd7","protocolProfileBehavior":{"disableBodyPruning":true},"request":{"method":"GET","header":[],"url":{"raw":"{{URL}}:{{PORT}}/posts/author/680970bc44fd0e13aa41ae3d","host":["{{URL}}"],"port":"{{PORT}}","path":["posts","author","680970bc44fd0e13aa41ae3d"]}},"response":[]},{"name":"/posts/{postId} (특정 포스트 상세 보기)","id":"b454b9a7-62fd-4da2-a9a1-2e9243c6d087","protocolProfileBehavior":{"disableBodyPruning":true},"request":{"method":"GET","header":[],"url":{"raw":"{{URL}}:{{PORT}}/posts/680b1c5402a5e10fffb27f5a","host":["{{URL}}"],"port":"{{PORT}}","path":["posts","680b1c5402a5e10fffb27f5a"]}},"response":[]},{"name":"/posts/update(포스트 수정)","id":"c8ec564f-fd9f-4293-9253-5f2d258c44f0","protocolProfileBehavior":{"disableBodyPruning":true},"request":{"method":"PUT","header":[],"body":{"mode":"formdata","formdata":[{"key":"postId","value":"6756f352442fa2128bcabf4f","type":"text"},{"key":"title","value":"안녕","type":"text"},{"key":"image","type":"file","value":null,"disabled":true},{"key":"channelId","value":"","type":"text","disabled":true},{"key":"imageToDeletePublicId","value":"","description":"삭제하려면 imageToDeletePublicId에 imagePublicId를 넣어주세요.","type":"text","disabled":true}]},"url":{"raw":"{{URL}}:{{PORT}}/posts/update","host":["{{URL}}"],"port":"{{PORT}}","path":["posts","update"]}},"response":[]},{"name":"/posts/update(포스트 삭제)","id":"77f641ba-3708-454f-b90e-00a1c58ad7c9","protocolProfileBehavior":{"disableBodyPruning":true},"request":{"method":"DELETE","header":[],"body":{"mode":"raw","raw":"{\n    \"id\":\"680b1c1b02a5e10fffb27f3d\"  // POST 조회시 나오는 \"_id\" 의 값을 적어야 합니다.\n}","options":{"raw":{"language":"json"}}},"url":{"raw":"{{URL}}:{{PORT}}/posts/delete","host":["{{URL}}"],"port":"{{PORT}}","path":["posts","delete"]}},"response":[]},{"name":"/posts/create(포스트 생성)","id":"dbda2639-9f97-4f51-acbd-da4d455a621e","protocolProfileBehavior":{"disableBodyPruning":true},"request":{"method":"POST","header":[],"body":{"mode":"formdata","formdata":[{"key":"title","value":"안녕하세요","type":"text"},{"key":"image","type":"file","src":"/Users/suya/Pictures/remove.bg/1.png"},{"key":"channelId","value":"680b19fc02a5e10fffb27f14","type":"text"}]},"url":{"raw":"{{URL}}:{{PORT}}/posts/create","host":["{{URL}}"],"port":"{{PORT}}","path":["posts","create"]}},"response":[]}],"auth":{"type":"bearer","bearer":[{"key":"token","value":"{{token}}","type":"string"}]},"event":[{"listen":"prerequest","script":{"id":"c1484239-3f99-42ee-afbe-8af2fcc64352","type":"text/javascript","packages":{},"exec":[""]}},{"listen":"test","script":{"id":"d445f949-9260-4728-890d-ce9a84c8b47f","type":"text/javascript","packages":{},"exec":[""]}}]}