{"info":{"_postman_id":"30763cdf-59d4-4896-b844-c3cb355f148a","name":"Search","schema":"https://schema.getpostman.com/json/collection/v2.1.0/collection.json"},"item":[{"name":"/search/users/{query} 사용자 검색","id":"5740612b-22b1-4b5e-a864-5193accc5080","protocolProfileBehavior":{"disableBodyPruning":true},"request":{"method":"GET","header":[],"url":{"raw":"{{URL}}:{{PORT}}/search/users/tes2","host":["{{URL}}"],"port":"{{PORT}}","path":["search","users","tes2"]}},"response":[]},{"name":"/search/all/{query} 전체 검색","id":"5b01cceb-4c9e-4989-b815-0565e942acff","protocolProfileBehavior":{"disableBodyPruning":true},"request":{"method":"GET","header":[],"url":{"raw":"{{URL}}:{{PORT}}/search/all/안녕","host":["{{URL}}"],"port":"{{PORT}}","path":["search","all","안녕"]}},"response":[]}],"auth":{"type":"bearer","bearer":[{"key":"token","value":"{{token}}","type":"string"}]},"event":[{"listen":"prerequest","script":{"id":"c1484239-3f99-42ee-afbe-8af2fcc64352","type":"text/javascript","packages":{},"exec":[""]}},{"listen":"test","script":{"id":"d445f949-9260-4728-890d-ce9a84c8b47f","type":"text/javascript","packages":{},"exec":[""]}}]}