{"info":{"_postman_id":"ab4948b2-93b5-4057-9c45-75d3f04ace09","name":"Likes","schema":"https://schema.getpostman.com/json/collection/v2.1.0/collection.json"},"item":[{"name":"/likes/create(포스트 좋아요)","id":"cc5596aa-4749-40d7-afa2-86c8e9f79105","protocolProfileBehavior":{"disableBodyPruning":true},"request":{"method":"POST","header":[],"body":{"mode":"raw","raw":"{\n    \"postId\": \"680b1c5402a5e10fffb27f5a\"\n}","options":{"raw":{"language":"json"}}},"url":{"raw":"{{URL}}:{{PORT}}/likes/create","host":["{{URL}}"],"port":"{{PORT}}","path":["likes","create"]}},"response":[]},{"name":"/likes/delete (좋아요 취소)","id":"5fc27a67-cfaa-4578-b056-29d2fa6fa734","protocolProfileBehavior":{"disableBodyPruning":true},"request":{"method":"DELETE","header":[],"body":{"mode":"raw","raw":"{\n    \"id\": \"680b1efa2cb39c4544908ae2\" // 좋아요 눌른 데이터의 \"_id\", postId가 아님 \n}","options":{"raw":{"language":"json"}}},"url":{"raw":"{{URL}}:{{PORT}}/likes/delete","host":["{{URL}}"],"port":"{{PORT}}","path":["likes","delete"]}},"response":[]}],"auth":{"type":"bearer","bearer":[{"key":"token","value":"{{token}}","type":"string"}]},"event":[{"listen":"prerequest","script":{"id":"c1484239-3f99-42ee-afbe-8af2fcc64352","type":"text/javascript","packages":{},"exec":[""]}},{"listen":"test","script":{"id":"d445f949-9260-4728-890d-ce9a84c8b47f","type":"text/javascript","packages":{},"exec":[""]}}]}