{"info":{"_postman_id":"b1e022c5-7722-440b-b795-8611385370d8","name":"User","schema":"https://schema.getpostman.com/json/collection/v2.1.0/collection.json"},"item":[{"name":"/users/get-users(사용자 목록)","id":"039cab6b-e803-4e5f-ad88-894457746b8b","protocolProfileBehavior":{"disableBodyPruning":true},"request":{"method":"GET","header":[],"body":{"mode":"raw","raw":"{\n    \"offset\": \"0\", \n    \"limit\": \"10\"\n}","options":{"raw":{"language":"json"}}},"url":{"raw":"{{URL}}:{{PORT}}/users/get-users","host":["{{URL}}"],"port":"{{PORT}}","path":["users","get-users"]}},"response":[]},{"name":"/users/{userId}(특정사용자)","id":"8dfecb8e-3baa-4df2-891c-1378626dd5cf","protocolProfileBehavior":{"disableBodyPruning":true},"request":{"method":"GET","header":[],"body":{"mode":"raw","raw":"{\n    \"offset\": \"0\", \n    \"limit\": \"10\"\n}","options":{"raw":{"language":"json"}}},"url":{"raw":"{{URL}}:{{PORT}}/users/680b1d9002a5e10fffb27f9c","host":["{{URL}}"],"port":"{{PORT}}","path":["users","680b1d9002a5e10fffb27f9c"]}},"response":[]},{"name":"/users/online-users(현재 접속중인 사용자 목록)","id":"7a90cb5c-3711-4ee5-8a8e-6a6dacd8b50d","protocolProfileBehavior":{"disableBodyPruning":true},"request":{"method":"GET","header":[],"url":{"raw":"{{URL}}:{{PORT}}/users/online-users","host":["{{URL}}"],"port":"{{PORT}}","path":["users","online-users"]}},"response":[]},{"name":"/users/upload-photo(프로필이미지변경)","id":"52cf1430-6fb2-4c6e-b754-1b08bb414a5d","protocolProfileBehavior":{"disableBodyPruning":true},"request":{"method":"POST","header":[],"body":{"mode":"formdata","formdata":[{"key":"isCover","value":"false","type":"text"},{"key":"image","type":"file","src":"/Users/suya/Pictures/remove.bg/4.png"}]},"url":{"raw":"{{URL}}:{{PORT}}/users/upload-photo","host":["{{URL}}"],"port":"{{PORT}}","path":["users","upload-photo"]}},"response":[]},{"name":"/users/upload-photo(커버변경)","id":"5d129195-8180-4e0e-ba06-a4d6165b6543","protocolProfileBehavior":{"disableBodyPruning":true},"request":{"method":"POST","header":[],"body":{"mode":"formdata","formdata":[{"key":"isCover","value":"true","type":"text"},{"key":"image","type":"file","src":"/Users/suya/Downloads/wintry-2915190_640.png"}]},"url":{"raw":"{{URL}}:{{PORT}}/users/upload-photo","host":["{{URL}}"],"port":"{{PORT}}","path":["users","upload-photo"]}},"response":[]}],"auth":{"type":"bearer","bearer":[{"key":"token","value":"{{token}}","type":"string"}]},"event":[{"listen":"prerequest","script":{"id":"c1484239-3f99-42ee-afbe-8af2fcc64352","type":"text/javascript","packages":{},"exec":[""]}},{"listen":"test","script":{"id":"d445f949-9260-4728-890d-ce9a84c8b47f","type":"text/javascript","packages":{},"exec":[""]}}]}