{"info":{"_postman_id":"c023babd-596e-4a99-81a9-6371909efa08","name":"Auth","schema":"https://schema.getpostman.com/json/collection/v2.1.0/collection.json"},"item":[{"name":"login","event":[{"listen":"test","script":{"id":"e5685579-844a-4d51-a731-2147be2c9eca","exec":["var data = JSON.parse(responseBody);","pm.environment.set(\"token\", data.token);"],"type":"text/javascript","packages":{}}}],"id":"89bed417-b556-40a5-bb77-0cf20da81e74","protocolProfileBehavior":{"disableBodyPruning":true},"request":{"method":"POST","header":[],"body":{"mode":"raw","raw":"{\n    \"email\": \"test2@gmail.com\",\n    \"password\": \"12341234!!\"\n}","options":{"raw":{"language":"json"}}},"url":{"raw":"{{URL}}:{{PORT}}/login","host":["{{URL}}"],"port":"{{PORT}}","path":["login"]}},"response":[]},{"name":"login (관리자)","event":[{"listen":"test","script":{"id":"e5685579-844a-4d51-a731-2147be2c9eca","exec":["var data = JSON.parse(responseBody);","pm.environment.set(\"token\", data.token);"],"type":"text/javascript","packages":{}}}],"id":"7a8e7af6-24ed-4dab-b00b-59b1673f7979","protocolProfileBehavior":{"disableBodyPruning":true},"request":{"method":"POST","header":[],"body":{"mode":"raw","raw":"{\n    \"email\": \"admin@programmers.co.kr\",\n    \"password\": \"programmers\"\n}","options":{"raw":{"language":"json"}}},"url":{"raw":"{{URL}}:{{PORT}}/login?","host":["{{URL}}"],"port":"{{PORT}}","path":["login"],"query":[{"key":"","value":null}]}},"response":[]},{"name":"signup","event":[{"listen":"test","script":{"id":"e5685579-844a-4d51-a731-2147be2c9eca","exec":["// var data = JSON.parse(responseBody);","// pm.environment.set(\"token\", data.token);"],"type":"text/javascript","packages":{}}}],"id":"9e2fa792-5cc4-42d0-8143-12a55fc0f073","protocolProfileBehavior":{"disableBodyPruning":true},"request":{"method":"POST","header":[],"body":{"mode":"raw","raw":"{\n  \"email\": \"test@gmail.com\",\n  \"fullName\": \"test\",\n  \"password\": \"12341234!!\"\n}","options":{"raw":{"language":"json"}}},"url":{"raw":"{{URL}}:{{PORT}}/signup","host":["{{URL}}"],"port":"{{PORT}}","path":["signup"]}},"response":[]},{"name":"logout","event":[{"listen":"test","script":{"id":"e5685579-844a-4d51-a731-2147be2c9eca","exec":[""],"type":"text/javascript","packages":{}}},{"listen":"prerequest","script":{"id":"0ba038d1-ae08-4d57-b986-840ab98947ca","exec":["pm.environment.set(\"token\", \"\");"],"type":"text/javascript","packages":{}}}],"id":"c3666709-9cf2-47d6-a7cc-815a5fbb43b8","protocolProfileBehavior":{"disableBodyPruning":true},"request":{"method":"POST","header":[],"url":{"raw":"https://{{URL}}:{{PORT}}/logout","protocol":"https","host":["{{URL}}"],"port":"{{PORT}}","path":["logout"]}},"response":[]},{"name":"auth-user","id":"edba5684-d278-49db-a661-59baa66fd080","protocolProfileBehavior":{"disableBodyPruning":true},"request":{"method":"GET","header":[],"url":{"raw":"{{URL}}:{{PORT}}/auth-user","host":["{{URL}}"],"port":"{{PORT}}","path":["auth-user"]}},"response":[]}],"auth":{"type":"bearer","bearer":[{"key":"token","value":"{{token}}","type":"string"}]},"event":[{"listen":"prerequest","script":{"id":"eaffc029-0d88-45ff-be7c-f1ebcca0dee3","type":"text/javascript","packages":{},"exec":[""]}},{"listen":"test","script":{"id":"6cf5d8b7-a8d1-4a6b-a0f7-806d8429e60c","type":"text/javascript","packages":{},"exec":[""]}}]}