{"info":{"_postman_id":"c28918fb-a54e-4de5-9d2f-4df244ad9faa","name":"\bChannel","schema":"https://schema.getpostman.com/json/collection/v2.1.0/collection.json"},"item":[{"name":"/channels(채널 목록)","id":"af44fa51-aeb9-4955-8327-d9ac440305e6","protocolProfileBehavior":{"disableBodyPruning":true},"request":{"method":"GET","header":[],"url":{"raw":"{{URL}}:{{PORT}}/channels","host":["{{URL}}"],"port":"{{PORT}}","path":["channels"]}},"response":[]},{"name":"/channels/{channelName}(채널 정보)","id":"38cd921a-5028-490f-9948-1a7f9adb0fb5","protocolProfileBehavior":{"disableBodyPruning":true},"request":{"method":"GET","header":[],"url":{"raw":"{{URL}}:{{PORT}}/channels/스포츠","host":["{{URL}}"],"port":"{{PORT}}","path":["channels","스포츠"]}},"response":[]},{"name":"/channels/create(채널생성)","id":"428057e6-6f3b-4f5a-9b02-4501b7d7f54a","protocolProfileBehavior":{"disableBodyPruning":true},"request":{"method":"POST","header":[],"body":{"mode":"urlencoded","urlencoded":[{"key":"authRequired","value":"false","description":"채널 내용을 로그인한 사람만 볼 수 있는지 여부","type":"text"},{"key":"description","value":"스포츠를 좋아하는 ","description":"채널 설명","type":"text"},{"key":"name","value":"스포츠","description":"채널 이름","type":"text"}]},"url":{"raw":"{{URL}}:{{PORT}}/channels/create","host":["{{URL}}"],"port":"{{PORT}}","path":["channels","create"]}},"response":[]}],"auth":{"type":"bearer","bearer":[{"key":"token","value":"{{token}}","type":"string"}]},"event":[{"listen":"prerequest","script":{"id":"c1484239-3f99-42ee-afbe-8af2fcc64352","type":"text/javascript","packages":{},"exec":[""]}},{"listen":"test","script":{"id":"d445f949-9260-4728-890d-ce9a84c8b47f","type":"text/javascript","packages":{},"exec":[""]}}]}