{"info":{"_postman_id":"d5024ab1-5a79-4f56-95f3-977a25bdd4ea","name":"\bComments","schema":"https://schema.getpostman.com/json/collection/v2.1.0/collection.json"},"item":[{"name":"/comments/create(특정 포스트에 댓글 달기)","id":"8abc8795-496f-4ff2-9556-1e5e737615b8","protocolProfileBehavior":{"disableBodyPruning":true},"request":{"method":"POST","header":[],"body":{"mode":"raw","raw":"{\n    \"comment\": \"댓글1\",\n    \"postId\": \"680b1c5402a5e10fffb27f5a\"  // POST 데이터 조회시 나오는 \"_id\" 값\n}","options":{"raw":{"language":"json"}}},"url":{"raw":"{{URL}}:{{PORT}}/comments/create","host":["{{URL}}"],"port":"{{PORT}}","path":["comments","create"]}},"response":[]},{"name":"/comments/delete(특정 포스트에 작성한 내 댓글 지우기)","id":"57e447b6-740b-4cc0-af27-9d6c8827e4c7","protocolProfileBehavior":{"disableBodyPruning":true},"request":{"method":"DELETE","header":[],"body":{"mode":"raw","raw":"{\n    \"id\": \"680b1c9b02a5e10fffb27f67\" // 댓글의 \"_id\" 값\n}","options":{"raw":{"language":"json"}}},"url":{"raw":"{{URL}}:{{PORT}}/comments/delete","host":["{{URL}}"],"port":"{{PORT}}","path":["comments","delete"]}},"response":[]}],"auth":{"type":"bearer","bearer":[{"key":"token","value":"{{token}}","type":"string"}]},"event":[{"listen":"prerequest","script":{"id":"c1484239-3f99-42ee-afbe-8af2fcc64352","type":"text/javascript","packages":{},"exec":[""]}},{"listen":"test","script":{"id":"d445f949-9260-4728-890d-ce9a84c8b47f","type":"text/javascript","packages":{},"exec":[""]}}]}