{"info":{"_postman_id":"d60c7931-a345-4234-bdd0-bbcd4db90940","name":"\bNotification","schema":"https://schema.getpostman.com/json/collection/v2.1.0/collection.json"},"item":[{"name":"/notifications(나의 알림 목록)","id":"56185cc6-451d-4d05-80c3-8a96a498f460","protocolProfileBehavior":{"disableBodyPruning":true},"request":{"method":"GET","header":[],"url":{"raw":"{{URL}}:{{PORT}}/notifications","host":["{{URL}}"],"port":"{{PORT}}","path":["notifications"]}},"response":[]},{"name":"/notifications/seen(알림 확인 처리)","id":"aa96b6bb-a1fa-4a7b-9e61-ff75f5665b99","protocolProfileBehavior":{"disableBodyPruning":true},"request":{"method":"PUT","header":[],"body":{"mode":"raw","raw":"{\n    \"id\": \"6756f5ef22625479237f33a5\" // 좋아요 눌른 데이터의 id, postId가 아님 \n}","options":{"raw":{"language":"json"}}},"url":{"raw":"{{URL}}:{{PORT}}/notifications/seen","host":["{{URL}}"],"port":"{{PORT}}","path":["notifications","seen"]}},"response":[]},{"name":"/notifications/create(알림 생성)","id":"33a99a3e-2a2a-4296-bf95-1b27bfd43e70","protocolProfileBehavior":{"disableBodyPruning":true},"request":{"method":"POST","header":[],"body":{"mode":"formdata","formdata":[{"key":"notificationType","value":"COMMENT","description":"\"COMMENT\" | \"FOLLOW\" | \"LIKE\" | \"MESSAGE\"","type":"text"},{"key":"notificationTypeId","value":"680b1d4802a5e10fffb27f8d","description":"COMMENT일 경우엔 댓글 id\n\nFOLLOW일 경우엔 팔로우 id\n\nLIKE일 경우엔 좋아요 id\n\nMESSAGE일 경우엔 메시지 id","type":"text"},{"key":"userId","value":"680970bc44fd0e13aa41ae3d","type":"text"},{"key":"postId","value":"680b1c5402a5e10fffb27f5a","description":"postId는 type이 FOLLOW거나 MESSAGE일 경우엔 null로 보내주세요.","type":"text"}]},"url":{"raw":"{{URL}}:{{PORT}}/notifications/create","host":["{{URL}}"],"port":"{{PORT}}","path":["notifications","create"]}},"response":[]}],"auth":{"type":"bearer","bearer":[{"key":"token","value":"{{token}}","type":"string"}]},"event":[{"listen":"prerequest","script":{"id":"c1484239-3f99-42ee-afbe-8af2fcc64352","type":"text/javascript","packages":{},"exec":[""]}},{"listen":"test","script":{"id":"d445f949-9260-4728-890d-ce9a84c8b47f","type":"text/javascript","packages":{},"exec":[""]}}]}