{"info":{"_postman_id":"de76efa7-6d4e-4695-8713-650c92f365f1","name":"Follow","schema":"https://schema.getpostman.com/json/collection/v2.1.0/collection.json"},"item":[{"name":"/follow/create(팔로우 맺기)","id":"318502cf-edc2-45d6-a09a-addecb6a67e6","protocolProfileBehavior":{"disableBodyPruning":true},"request":{"method":"POST","header":[],"body":{"mode":"raw","raw":"{\n    \"userId\": \"680b1d9002a5e10fffb27f9c\"\n}","options":{"raw":{"language":"json"}}},"url":{"raw":"{{URL}}:{{PORT}}/follow/create","host":["{{URL}}"],"port":"{{PORT}}","path":["follow","create"]}},"response":[]},{"name":"/\bfollow/delete (팔로우 취소)","id":"0235c7d1-e95b-4855-b637-7a480eb679c5","protocolProfileBehavior":{"disableBodyPruning":true},"request":{"method":"DELETE","header":[],"body":{"mode":"raw","raw":"{\n    \"id\": \"680b1eb92cb39c4544908ad8\"  // 팔로우 취소하려는 유저의 id가 아님. 팔로우 맺기 했을 때 나오는 \"_id\"임\n}","options":{"raw":{"language":"json"}}},"url":{"raw":"{{URL}}:{{PORT}}/follow/delete","host":["{{URL}}"],"port":"{{PORT}}","path":["follow","delete"]}},"response":[]}],"auth":{"type":"bearer","bearer":[{"key":"token","value":"{{token}}","type":"string"}]},"event":[{"listen":"prerequest","script":{"id":"c1484239-3f99-42ee-afbe-8af2fcc64352","type":"text/javascript","packages":{},"exec":[""]}},{"listen":"test","script":{"id":"d445f949-9260-4728-890d-ce9a84c8b47f","type":"text/javascript","packages":{},"exec":[""]}}]}