{"info":{"_postman_id":"e03f8151-940c-475c-bc36-04821368f165","name":"Settings","schema":"https://schema.getpostman.com/json/collection/v2.1.0/collection.json"},"item":[{"name":"/settings/update-user(내 정보 변경)","id":"02682d49-d69b-4fc1-ac77-a7f715b8e3bb","protocolProfileBehavior":{"disableBodyPruning":true},"request":{"method":"PUT","header":[],"body":{"mode":"raw","raw":"{\n    \"fullName\": \"test\", \n    \"username\": \"test\"\n}","options":{"raw":{"language":"json"}}},"url":{"raw":"{{URL}}:{{PORT}}/settings/update-user","host":["{{URL}}"],"port":"{{PORT}}","path":["settings","update-user"]}},"response":[]},{"name":"/settings/update-password(비밀번호 수정)","id":"81a31a1d-bc4a-44e4-87f0-5e5109e4e1b5","protocolProfileBehavior":{"disableBodyPruning":true},"request":{"method":"PUT","header":[],"body":{"mode":"raw","raw":"{\n    \"password\": \"12341234\"\n}","options":{"raw":{"language":"json"}}},"url":{"raw":"{{URL}}:{{PORT}}/settings/update-password","host":["{{URL}}"],"port":"{{PORT}}","path":["settings","update-password"]}},"response":[]}],"auth":{"type":"bearer","bearer":[{"key":"token","value":"{{token}}","type":"string"}]},"event":[{"listen":"prerequest","script":{"id":"c1484239-3f99-42ee-afbe-8af2fcc64352","type":"text/javascript","packages":{},"exec":[""]}},{"listen":"test","script":{"id":"d445f949-9260-4728-890d-ce9a84c8b47f","type":"text/javascript","packages":{},"exec":[""]}}]}