{"info":{"_postman_id":"f207b6ef-728d-4a4d-a808-9631e3515460","name":"Message","schema":"https://schema.getpostman.com/json/collection/v2.1.0/collection.json"},"item":[{"name":"/messages/conversations(메시지함)","id":"aa9438f5-ab62-470f-889d-975dbaea22c4","protocolProfileBehavior":{"disableBodyPruning":true},"request":{"method":"GET","header":[],"url":{"raw":"{{URL}}:{{PORT}}/messages/conversations","host":["{{URL}}"],"port":"{{PORT}}","path":["messages","conversations"]}},"response":[]},{"name":"/message(특정 유저와 소통목록)","id":"620f11cc-3796-4303-922f-0d3636ce0764","protocolProfileBehavior":{"disableBodyPruning":true},"request":{"method":"GET","header":[],"body":{"mode":"raw","raw":"","options":{"raw":{"language":"json"}}},"url":{"raw":"{{URL}}:{{PORT}}/messages?userId=680b1d9002a5e10fffb27f9c","host":["{{URL}}"],"port":"{{PORT}}","path":["messages"],"query":[{"key":"userId","value":"680b1d9002a5e10fffb27f9c","type":"text"}]}},"response":[]},{"name":"/messages/update-seen(메시지확인처리)","id":"65bb539b-c01b-4649-9059-8b947ddfd8a7","protocolProfileBehavior":{"disableBodyPruning":true},"request":{"method":"PUT","header":[],"body":{"mode":"raw","raw":"{\n    \"sender\": \"680b1d9002a5e10fffb27f9c\" \n}","options":{"raw":{"language":"json"}}},"url":{"raw":"{{URL}}:{{PORT}}/messages/update-seen","host":["{{URL}}"],"port":"{{PORT}}","path":["messages","update-seen"]}},"response":[]},{"name":"/message(특정 사용자에게 메시지 전송)","id":"c00f5d52-7e37-4ea1-9161-dda0135ada23","protocolProfileBehavior":{"disableBodyPruning":true},"request":{"method":"POST","header":[],"body":{"mode":"raw","raw":"{\n    \"message\": \"메시지2\",\n    \"receiver\": \"680b1d9002a5e10fffb27f9c\" \n}","options":{"raw":{"language":"json"}}},"url":{"raw":"{{URL}}:{{PORT}}/messages/create","host":["{{URL}}"],"port":"{{PORT}}","path":["messages","create"]}},"response":[]}],"auth":{"type":"bearer","bearer":[{"key":"token","value":"{{token}}","type":"string"}]},"event":[{"listen":"prerequest","script":{"id":"c1484239-3f99-42ee-afbe-8af2fcc64352","type":"text/javascript","packages":{},"exec":[""]}},{"listen":"test","script":{"id":"d445f949-9260-4728-890d-ce9a84c8b47f","type":"text/javascript","packages":{},"exec":[""]}}]}